model_alias,pre_pool_last_k,pre_best_layer,pre_best_head,pre_relative_depth,pre_silhouette_cosine,pre_probe_macro_accuracy_loo,post_pool_last_k,post_best_layer,post_best_head,post_relative_depth,post_silhouette_cosine,post_probe_macro_accuracy_loo,delta_post_minus_pre,post_pre_ratio,same_pool,same_best_layer,same_best_head
gemma2_2b_base,5,19,4,0.76,0.09290410321326996,0.98,5,20,5,0.8,0.07181423704874099,0.9814999999999999,-0.0210898661645,0.772993167846,true,false,false
gemma2_2b_it,5,25,5,1.0,0.04915353532356929,0.9661666666666666,5,25,0,1.0,0.031324621299106375,0.9593333333333334,-0.0178289140245,0.637281145555,true,true,false
llama3_base,5,19,30,0.6129032258064516,0.20312006711511765,0.9818333333333334,5,19,30,0.6129032258064516,0.17834076149270278,0.9809999999999999,-0.0247793056224,0.878006609714,true,true,true
llama3_it,5,19,30,0.6129032258064516,0.1806562620205341,0.9788333333333336,5,19,30,0.6129032258064516,0.14918177832423424,0.9791666666666666,-0.0314744836963,0.825776957055,true,true,true
mistral_base,5,21,18,0.6774193548387096,0.10108440155107644,0.9764999999999998,5,21,18,0.6774193548387096,0.09401599681227071,0.9736666666666668,-0.00706840473881,0.93007422876,true,true,true
mistral_it,5,21,18,0.6774193548387096,0.09238185920355918,0.9733333333333332,5,21,18,0.6774193548387096,0.08600650724105686,0.9711666666666666,-0.0063753519625,0.930989135557,true,true,true
