k,sample_size,accuracy,balanced_accuracy
1,2000,0.8845,0.884522246797696
3,2000,0.907,0.906996817176458
5,2000,0.9125,0.9125262987538437
10,2000,0.9145,0.9145342947738156
