label,class_name,count,within_centroid_cosine_distance_mean,within_centroid_cosine_distance_std,within_centroid_cosine_distance_median,nearest_centroid_accuracy
0,python,1000,0.05449207127094269,0.016049830242991447,0.05265107750892639,0.965
1,java,1000,0.050946690142154694,0.020930517464876175,0.047267377376556396,0.918
2,javascript,1000,0.05070922151207924,0.019401246681809425,0.045246005058288574,0.913
3,go,1000,0.0527769960463047,0.019666949287056923,0.05131632089614868,0.907
4,php,1000,0.048972584307193756,0.021552491933107376,0.0422082245349884,0.924
5,ruby,1000,0.05357573181390762,0.021454589441418648,0.04884055256843567,0.882
