pca_dim,explained_variance_ratio_cumulative,cv_splits,cv_accuracy_mean,cv_accuracy_std,cv_balanced_accuracy_mean,cv_balanced_accuracy_std
1,0.16118842363357544,5,0.2365,0.007272474743090479,0.23650000000000002,0.007272474743090486
2,0.23718631267547607,5,0.33949999999999997,0.009510228411791407,0.3395,0.009510228411791404
4,0.3318081498146057,5,0.6976666666666667,0.010959521481849052,0.6976666666666667,0.010959521481849052
8,0.4528249502182007,5,0.9273333333333333,0.007291547618075765,0.9273333333333333,0.007291547618075746
16,0.5966448187828064,5,0.9706666666666667,0.004196559437338075,0.9706666666666667,0.004196559437338121
32,0.7406490445137024,5,0.9738333333333333,0.00455216676124922,0.9738333333333331,0.004552166761249243
64,0.8863879442214966,5,0.9763333333333334,0.004702245326555309,0.9763333333333332,0.004702245326555316
128,1.000000238418579,5,0.9811666666666665,0.0045521667612492284,0.9811666666666665,0.00455216676124921
