k,sample_size,accuracy,balanced_accuracy
1,2000,0.955,0.9549864235492979
3,2000,0.954,0.9539809270348192
5,2000,0.966,0.9659839480198761
10,2000,0.9685,0.968481955008901
