pca_dim,explained_variance_ratio_cumulative,cv_splits,cv_accuracy_mean,cv_accuracy_std,cv_balanced_accuracy_mean,cv_balanced_accuracy_std
1,0.09094018489122391,5,0.21583333333333332,0.006191391873668906,0.21583333333333332,0.006191391873668896
2,0.15650728344917297,5,0.31599999999999995,0.006398784606817494,0.31599999999999995,0.0063987846068174915
4,0.23609356582164764,5,0.5236666666666666,0.014602130742539654,0.5236666666666666,0.014602130742539686
8,0.3563973903656006,5,0.8398333333333333,0.006940220937885643,0.8398333333333335,0.006940220937885628
16,0.492319256067276,5,0.9091666666666667,0.007619419633774965,0.9091666666666667,0.00761941963377499
32,0.6446513533592224,5,0.9391666666666667,0.004624812308503888,0.9391666666666667,0.004624812308503904
64,0.8308491706848145,5,0.9555,0.0035978388574871276,0.9555,0.00359783885748713
128,1.0000001192092896,5,0.9706666666666667,0.0034721111093332776,0.9706666666666667,0.0034721111093332637
