label,class_name,count,within_centroid_cosine_distance_mean,within_centroid_cosine_distance_std,within_centroid_cosine_distance_median,nearest_centroid_accuracy
0,python,1000,0.0895751491189003,0.023511752486228943,0.08584043383598328,0.819
1,java,1000,0.07794196903705597,0.02151693031191826,0.07373940944671631,0.902
2,javascript,1000,0.07995734363794327,0.025510698556900024,0.07336044311523438,0.885
3,go,1000,0.0677180141210556,0.02301635593175888,0.06248903274536133,0.929
4,php,1000,0.06960548460483551,0.022265886887907982,0.06443530321121216,0.936
5,ruby,1000,0.07504403591156006,0.02429044619202614,0.0696338415145874,0.901
