k,sample_size,accuracy,balanced_accuracy
1,2000,0.834,0.8162070508387448
3,2000,0.851,0.8380351905592685
5,2000,0.858,0.8357061186603395
10,2000,0.8605,0.8379038314538146
