model_alias,pool_last_k,best_layer,best_head,best_layer_relative_depth,best_layer_head_silhouette_cosine,target_layer,best_head_at_target_layer,best_head_at_target_layer_score,linear_probe_accuracy_loo,linear_probe_p_ge_actual_accuracy,silhouette_random_label_p_ge_actual,silhouette_random_label_null_max,mean_cka_to_best_head,mean_rsa_to_best_head
mistral_it,1,23,30,0.7419354838709677,0.16813209761818143,11,5,0.020690059857122804,0.825,0.009900990099009901,0.009900990099009901,0.01555239956911536,0.8153932575256594,0.8035654079529547
mistral_it,3,20,18,0.6451612903225806,0.09806173720436145,11,17,0.03288291420416749,0.75,0.009900990099009901,0.009900990099009901,0.017416750383072208,0.8317631175441127,0.8317416041128097
mistral_it,5,10,21,0.3225806451612903,0.09755840800600744,11,19,0.04314558007232374,0.86,0.009900990099009901,0.009900990099009901,0.0109404583539619,0.8241551556894856,0.7679391138015255
llama3_it,1,20,9,0.6451612903225806,0.2239039210933283,11,4,0.02767911880925447,0.845,0.009900990099009901,0.009900990099009901,0.012614000415315893,0.8239035740975411,0.792962908744812
llama3_it,3,20,9,0.6451612903225806,0.14262856538064111,11,2,0.030262701914292162,0.875,0.009900990099009901,0.009900990099009901,0.018670647947376,0.8634805756230508,0.8442283849562368
llama3_it,5,8,15,0.25806451612903225,0.11314009307093484,11,23,0.05943609793851236,0.75,0.009900990099009901,0.009900990099009901,0.009173706571947493,0.7411386447568094,0.6826467965879748
gemma2_2b_it,1,1,6,0.04,0.02397427188463162,9,3,0.010069405452795133,0.59,0.0297029702970297,0.009900990099009901,0.018472972181311,0.8518768889563424,0.83626731804439
gemma2_2b_it,3,1,6,0.04,0.03662011124202779,9,2,0.010700181341384342,0.59,0.06930693069306931,0.009900990099009901,0.015138942876640296,0.8029266425541469,0.7612223199435643
gemma2_2b_it,5,12,1,0.48,0.030913474613700184,9,6,0.011832187758353185,0.595,0.009900990099009901,0.009900990099009901,0.011352208783495028,0.832420323576246,0.807638909135546
