model_alias,pool_last_k,best_layer,best_head,best_layer_relative_depth,best_layer_head_silhouette_cosine,target_layer,best_head_at_target_layer,best_head_at_target_layer_score,linear_probe_accuracy_loo,linear_probe_p_ge_actual_accuracy,silhouette_random_label_p_ge_actual,silhouette_random_label_null_max,mean_cka_to_best_head,mean_rsa_to_best_head
mistral_it,1,15,6,0.4838709677419355,0.07900730249761218,11,19,0.03913459931968289,0.755,0.009900990099009901,0.009900990099009901,0.007416728383355597,0.575823470469444,0.475292585549816
mistral_it,3,15,6,0.4838709677419355,0.08576362522669022,11,18,0.041709062782231285,0.745,0.009900990099009901,0.009900990099009901,0.006117892373359448,0.6189249552065327,0.5332952867592534
mistral_it,5,15,6,0.4838709677419355,0.08631036291882238,11,18,0.043526902019060634,0.745,0.009900990099009901,0.009900990099009901,0.007863643476890739,0.757086455821991,0.5848040864352257
llama3_it,1,14,10,0.45161290322580644,0.06210312610377233,11,18,0.03811471011516721,0.75,0.009900990099009901,0.009900990099009901,0.0068337822137999596,0.7161073127100545,0.9470499677042807
llama3_it,3,14,27,0.45161290322580644,0.051615488100714035,11,18,0.03756096981957069,0.715,0.009900990099009901,0.009900990099009901,0.009819956774402595,0.8451429797757056,0.9696790191435045
llama3_it,5,14,27,0.45161290322580644,0.05320146493485074,11,18,0.03820044102705457,0.755,0.009900990099009901,0.009900990099009901,0.009378828045671011,0.8987299857601043,0.9735578510069078
gemma2_2b_it,1,12,3,0.48,0.016514150490035514,9,7,0.004797798041639394,0.555,0.1485148514851485,0.009900990099009901,0.006800996195264936,0.8091634341648647,0.7497723698616028
gemma2_2b_it,3,15,0,0.6,0.02267181544640252,9,5,0.007814819031577137,0.62,0.0297029702970297,0.009900990099009901,0.005190321713730278,0.5655294741903033,0.5227673522063664
gemma2_2b_it,5,15,0,0.6,0.026360794031079448,9,5,0.010769110703913369,0.575,0.0594059405940594,0.009900990099009901,0.0058056251049137,0.589891357081277,0.5748936704226902
