label,class_name,count,within_centroid_cosine_distance_mean,within_centroid_cosine_distance_std,within_centroid_cosine_distance_median,nearest_centroid_accuracy
0,python,1000,0.053752221167087555,0.015573878772556782,0.052227526903152466,0.973
1,java,1000,0.04522149637341499,0.02204645238816738,0.03905653953552246,0.922
2,javascript,1000,0.04753021150827408,0.01805860362946987,0.04317957162857056,0.931
3,go,1000,0.04156795144081116,0.020164337009191513,0.03508889675140381,0.918
4,php,1000,0.046022165566682816,0.020084835588932037,0.04064759612083435,0.927
5,ruby,1000,0.046013519167900085,0.022566456347703934,0.03936731815338135,0.892
