k,sample_size,accuracy,balanced_accuracy
1,2000,0.956,0.9559874245502987
3,2000,0.9525,0.9524809240378103
5,2000,0.9635,0.9634859410308513
10,2000,0.9695,0.9694829560099022
