k,sample_size,accuracy,balanced_accuracy
1,2000,0.892,0.8920237602872333
3,2000,0.911,0.9109933286579993
5,2000,0.9225,0.9225153297009586
10,2000,0.9215,0.9215278152403901
