pca_dim,explained_variance_ratio_cumulative,cv_splits,cv_accuracy_mean,cv_accuracy_std,cv_balanced_accuracy_mean,cv_balanced_accuracy_std
1,0.08715562522411346,5,0.23366666666666663,0.005180090089306679,0.2336666666666667,0.005180090089306681
2,0.15415199100971222,5,0.31849999999999995,0.007895146188218016,0.3185,0.007895146188217989
4,0.2375624030828476,5,0.5638333333333333,0.008393118874676102,0.5638333333333334,0.008393118874676135
8,0.36110571026802063,5,0.8480000000000001,0.006904105059069339,0.8480000000000001,0.006904105059069385
16,0.5001904964447021,5,0.9213333333333334,0.012197449642354646,0.9213333333333333,0.012197449642354667
32,0.6545075178146362,5,0.952,0.00549241901776137,0.9520000000000002,0.005492419017761421
64,0.8361359238624573,5,0.9621666666666666,0.003316624790355388,0.9621666666666666,0.0033166247903554397
128,0.9999998211860657,5,0.974,0.0006236095644622905,0.974,0.000623609564462338
