label,class_name,count,within_centroid_cosine_distance_mean,within_centroid_cosine_distance_std,within_centroid_cosine_distance_median,nearest_centroid_accuracy
0,python,1000,0.09032973647117615,0.023896532133221626,0.08699291944503784,0.824
1,java,1000,0.07676772773265839,0.021819042041897774,0.07253775000572205,0.903
2,javascript,1000,0.08007816970348358,0.025780493393540382,0.07392334938049316,0.894
3,go,1000,0.06433508545160294,0.02370939590036869,0.0583958625793457,0.938
4,php,1000,0.06950722634792328,0.022596824914216995,0.06368231773376465,0.937
5,ruby,1000,0.07408805936574936,0.024651000276207924,0.06867557764053345,0.903
