pca_dim,explained_variance_ratio_cumulative,cv_splits,cv_accuracy_mean,cv_accuracy_std,cv_balanced_accuracy_mean,cv_balanced_accuracy_std
1,0.14007897675037384,5,0.26199999999999996,0.006249444419750899,0.26200000000000007,0.006249444419750903
2,0.21665838360786438,5,0.3468333333333333,0.010019425576792758,0.3468333333333334,0.010019425576792763
4,0.32246890664100647,5,0.7131666666666666,0.004484541349024564,0.7131666666666667,0.004484541349024606
8,0.4563312828540802,5,0.9364999999999999,0.00983756970891578,0.9365,0.009837569708915812
16,0.6049973964691162,5,0.9703333333333333,0.0030092450142112912,0.9703333333333333,0.003009245014211305
32,0.7477573156356812,5,0.9751666666666665,0.003922867431979954,0.9751666666666667,0.003922867431979929
64,0.888090193271637,5,0.978,0.004034572812303409,0.978,0.004034572812303367
128,0.9999999403953552,5,0.982,0.004904646323187368,0.9819999999999999,0.0049046463231873965
