k,sample_size,accuracy,balanced_accuracy
1,2000,0.8485,0.8369211561625636
3,2000,0.871,0.8547613340785284
5,2000,0.867,0.8474637178858079
10,2000,0.859,0.832156185088655
